LT708304-Mycobacteriumbovis-AF2122-97	103928
LT708304-Mycobacteriumbovis-AF2122-97	103931
LT708304-Mycobacteriumbovis-AF2122-97	334320
LT708304-Mycobacteriumbovis-AF2122-97	334323
LT708304-Mycobacteriumbovis-AF2122-97	336476
LT708304-Mycobacteriumbovis-AF2122-97	336479
LT708304-Mycobacteriumbovis-AF2122-97	336482
LT708304-Mycobacteriumbovis-AF2122-97	340088
LT708304-Mycobacteriumbovis-AF2122-97	340090
LT708304-Mycobacteriumbovis-AF2122-97	340091
LT708304-Mycobacteriumbovis-AF2122-97	340092
LT708304-Mycobacteriumbovis-AF2122-97	340097
LT708304-Mycobacteriumbovis-AF2122-97	624926
LT708304-Mycobacteriumbovis-AF2122-97	624929
LT708304-Mycobacteriumbovis-AF2122-97	842369
LT708304-Mycobacteriumbovis-AF2122-97	842371
LT708304-Mycobacteriumbovis-AF2122-97	1219085
LT708304-Mycobacteriumbovis-AF2122-97	1219087
LT708304-Mycobacteriumbovis-AF2122-97	1219088
LT708304-Mycobacteriumbovis-AF2122-97	1219091
LT708304-Mycobacteriumbovis-AF2122-97	1219094
LT708304-Mycobacteriumbovis-AF2122-97	1358368
LT708304-Mycobacteriumbovis-AF2122-97	1358369
LT708304-Mycobacteriumbovis-AF2122-97	1358370
LT708304-Mycobacteriumbovis-AF2122-97	1358372
LT708304-Mycobacteriumbovis-AF2122-97	1637762
LT708304-Mycobacteriumbovis-AF2122-97	1637765
LT708304-Mycobacteriumbovis-AF2122-97	1971871
LT708304-Mycobacteriumbovis-AF2122-97	1971874
LT708304-Mycobacteriumbovis-AF2122-97	1993027
LT708304-Mycobacteriumbovis-AF2122-97	1993033
LT708304-Mycobacteriumbovis-AF2122-97	2158655
LT708304-Mycobacteriumbovis-AF2122-97	2158656
LT708304-Mycobacteriumbovis-AF2122-97	2158658
LT708304-Mycobacteriumbovis-AF2122-97	2158666
LT708304-Mycobacteriumbovis-AF2122-97	2161997
LT708304-Mycobacteriumbovis-AF2122-97	2162000
LT708304-Mycobacteriumbovis-AF2122-97	2162336
LT708304-Mycobacteriumbovis-AF2122-97	2162339
LT708304-Mycobacteriumbovis-AF2122-97	2162346
LT708304-Mycobacteriumbovis-AF2122-97	2283218
LT708304-Mycobacteriumbovis-AF2122-97	2283220
LT708304-Mycobacteriumbovis-AF2122-97	2283227
LT708304-Mycobacteriumbovis-AF2122-97	2283235
LT708304-Mycobacteriumbovis-AF2122-97	2283236
LT708304-Mycobacteriumbovis-AF2122-97	2283350
LT708304-Mycobacteriumbovis-AF2122-97	2283353
LT708304-Mycobacteriumbovis-AF2122-97	2283355
LT708304-Mycobacteriumbovis-AF2122-97	2283362
LT708304-Mycobacteriumbovis-AF2122-97	2283366
LT708304-Mycobacteriumbovis-AF2122-97	2283367
LT708304-Mycobacteriumbovis-AF2122-97	2283368
LT708304-Mycobacteriumbovis-AF2122-97	2283371
LT708304-Mycobacteriumbovis-AF2122-97	2575827
LT708304-Mycobacteriumbovis-AF2122-97	2575829
LT708304-Mycobacteriumbovis-AF2122-97	2839104
LT708304-Mycobacteriumbovis-AF2122-97	2839109
LT708304-Mycobacteriumbovis-AF2122-97	2839115
LT708304-Mycobacteriumbovis-AF2122-97	2916734
LT708304-Mycobacteriumbovis-AF2122-97	2916744
LT708304-Mycobacteriumbovis-AF2122-97	3696138
LT708304-Mycobacteriumbovis-AF2122-97	3696145
LT708304-Mycobacteriumbovis-AF2122-97	3884293
LT708304-Mycobacteriumbovis-AF2122-97	3884294
LT708304-Mycobacteriumbovis-AF2122-97	3890801
LT708304-Mycobacteriumbovis-AF2122-97	3890802
LT708304-Mycobacteriumbovis-AF2122-97	3890837
LT708304-Mycobacteriumbovis-AF2122-97	3890839
LT708304-Mycobacteriumbovis-AF2122-97	3895387
LT708304-Mycobacteriumbovis-AF2122-97	3895388
LT708304-Mycobacteriumbovis-AF2122-97	3895986
LT708304-Mycobacteriumbovis-AF2122-97	3895990
